{
  "accuracy": 0.944,
  "roc_auc": 0.9760536398467433,
  "report": {
    "0": {
      "precision": 0.6666666666666666,
      "recall": 0.4444444444444444,
      "f1-score": 0.5333333333333333,
      "support": 9.0
    },
    "1": {
      "precision": 0.957983193277311,
      "recall": 0.9827586206896551,
      "f1-score": 0.9702127659574468,
      "support": 116.0
    },
    "accuracy": 0.944,
    "macro avg": {
      "precision": 0.8123249299719888,
      "recall": 0.7136015325670497,
      "f1-score": 0.75177304964539,
      "support": 125.0
    },
    "weighted avg": {
      "precision": 0.9370084033613446,
      "recall": 0.944,
      "f1-score": 0.9387574468085106,
      "support": 125.0
    }
  }
}