{
  "accuracy": 0.952,
  "roc_auc": 0.8801452784503632,
  "report": {
    "0": {
      "precision": 1.0,
      "recall": 0.14285714285714285,
      "f1-score": 0.25,
      "support": 7.0
    },
    "1": {
      "precision": 0.9516129032258065,
      "recall": 1.0,
      "f1-score": 0.9752066115702479,
      "support": 118.0
    },
    "accuracy": 0.952,
    "macro avg": {
      "precision": 0.9758064516129032,
      "recall": 0.5714285714285714,
      "f1-score": 0.6126033057851239,
      "support": 125.0
    },
    "weighted avg": {
      "precision": 0.9543225806451613,
      "recall": 0.952,
      "f1-score": 0.9345950413223141,
      "support": 125.0
    }
  }
}